INSERT INTO countries (CountryID, shortname, name, phonecode) VALUES
(1, 'AF', 'Afghanistan', 93),
(2, 'AL', 'Albania', 355),
(3, 'DZ', 'Algeria', 213),
(4, 'AS', 'American Samoa', 1684),
(5, 'AD', 'Andorra', 376),
(6, 'AO', 'Angola', 244),
(7, 'AI', 'Anguilla', 1264),
(8, 'AQ', 'Antarctica', 0),
(9, 'AG', 'Antigua And Barbuda', 1268),
(10, 'AR', 'Argentina', 54),
(11, 'AM', 'Armenia', 374),
(12, 'AW', 'Aruba', 297),
(13, 'AU', 'Australia', 61),
(14, 'AT', 'Austria', 43),
(15, 'AZ', 'Azerbaijan', 994),
(16, 'BS', 'Bahamas The', 1242),
(17, 'BH', 'Bahrain', 973),
(18, 'BD', 'Bangladesh', 880),
(19, 'BB', 'Barbados', 1246),
(20, 'BY', 'Belarus', 375),
(21, 'BE', 'Belgium', 32),
(22, 'BZ', 'Belize', 501),
(23, 'BJ', 'Benin', 229),
(24, 'BM', 'Bermuda', 1441),
(25, 'BT', 'Bhutan', 975),
(26, 'BO', 'Bolivia', 591),
(27, 'BA', 'Bosnia and Herzegovina', 387),
(28, 'BW', 'Botswana', 267),
(29, 'BV', 'Bouvet Island', 0),
(30, 'BR', 'Brazil', 55),
(31, 'IO', 'British Indian Ocean Territory', 246),
(32, 'BN', 'Brunei', 673),
(33, 'BG', 'Bulgaria', 359),
(34, 'BF', 'Burkina Faso', 226),
(35, 'BI', 'Burundi', 257),
(36, 'KH', 'Cambodia', 855),
(37, 'CM', 'Cameroon', 237),
(38, 'CA', 'Canada', 1),
(39, 'CV', 'Cape Verde', 238),
(40, 'KY', 'Cayman Islands', 1345),
(41, 'CF', 'Central African Republic', 236),
(42, 'TD', 'Chad', 235),
(43, 'CL', 'Chile', 56),
(44, 'CN', 'China', 86),
(45, 'CX', 'Christmas Island', 61),
(46, 'CC', 'Cocos (Keeling) Islands', 672),
(47, 'CO', 'Colombia', 57),
(48, 'KM', 'Comoros', 269),
(49, 'CG', 'Republic Of The Congo', 242),
(50, 'CD', 'Democratic Republic Of The Congo', 242),
(51, 'CK', 'Cook Islands', 682),
(52, 'CR', 'Costa Rica', 506),
(53, 'CI', 'Cote D''Ivoire (Ivory Coast)', 225),
(54, 'HR', 'Croatia (Hrvatska)', 385),
(55, 'CU', 'Cuba', 53),
(56, 'CY', 'Cyprus', 357),
(57, 'CZ', 'Czech Republic', 420),
(58, 'DK', 'Denmark', 45),
(59, 'DJ', 'Djibouti', 253),
(60, 'DM', 'Dominica', 1767),
(61, 'DO', 'Dominican Republic', 1809),
(62, 'TP', 'East Timor', 670),
(63, 'EC', 'Ecuador', 593),
(64, 'EG', 'Egypt', 20),
(65, 'SV', 'El Salvador', 503),
(66, 'GQ', 'Equatorial Guinea', 240),
(67, 'ER', 'Eritrea', 291),
(68, 'EE', 'Estonia', 372),
(69, 'ET', 'Ethiopia', 251),
(70, 'XA', 'External Territories of Australia', 61),
(71, 'FK', 'Falkland Islands', 500),
(72, 'FO', 'Faroe Islands', 298),
(73, 'FJ', 'Fiji Islands', 679),
(74, 'FI', 'Finland', 358),
(75, 'FR', 'France', 33),
(76, 'GF', 'French Guiana', 594),
(77, 'PF', 'French Polynesia', 689),
(78, 'TF', 'French Southern Territories', 0),
(79, 'GA', 'Gabon', 241),
(80, 'GM', 'Gambia The', 220),
(81, 'GE', 'Georgia', 995),
(82, 'DE', 'Germany', 49),
(83, 'GH', 'Ghana', 233),
(84, 'GI', 'Gibraltar', 350),
(85, 'GR', 'Greece', 30),
(86, 'GL', 'Greenland', 299),
(87, 'GD', 'Grenada', 1473),
(88, 'GP', 'Guadeloupe', 590),
(89, 'GU', 'Guam', 1671),
(90, 'GT', 'Guatemala', 502),
(91, 'XU', 'Guernsey and Alderney', 44),
(92, 'GN', 'Guinea', 224),
(93, 'GW', 'Guinea-Bissau', 245),
(94, 'GY', 'Guyana', 592),
(95, 'HT', 'Haiti', 509),
(96, 'HM', 'Heard and McDonald Islands', 0),
(97, 'HN', 'Honduras', 504),
(98, 'HK', 'Hong Kong S.A.R.', 852),
(99, 'HU', 'Hungary', 36),
(100, 'IS', 'Iceland', 354),
(101, 'IN', 'India', 91),
(102, 'ID', 'Indonesia', 62),
(103, 'IR', 'Iran', 98),
(104, 'IQ', 'Iraq', 964),
(105, 'IE', 'Ireland', 353),
(106, 'IL', 'Israel', 972),
(107, 'IT', 'Italy', 39),
(108, 'JM', 'Jamaica', 1876),
(109, 'JP', 'Japan', 81),
(110, 'XJ', 'Jersey', 44),
(111, 'JO', 'Jordan', 962),
(112, 'KZ', 'Kazakhstan', 7),
(113, 'KE', 'Kenya', 254),
(114, 'KI', 'Kiribati', 686),
(115, 'KP', 'Korea North', 850),
(116, 'KR', 'Korea South', 82),
(117, 'KW', 'Kuwait', 965),
(118, 'KG', 'Kyrgyzstan', 996),
(119, 'LA', 'Laos', 856),
(120, 'LV', 'Latvia', 371),
(121, 'LB', 'Lebanon', 961),
(122, 'LS', 'Lesotho', 266),
(123, 'LR', 'Liberia', 231),
(124, 'LY', 'Libya', 218),
(125, 'LI', 'Liechtenstein', 423),
(126, 'LT', 'Lithuania', 370),
(127, 'LU', 'Luxembourg', 352),
(128, 'MO', 'Macau S.A.R.', 853),
(129, 'MK', 'Macedonia', 389),
(130, 'MG', 'Madagascar', 261),
(131, 'MW', 'Malawi', 265),
(132, 'MY', 'Malaysia', 60),
(133, 'MV', 'Maldives', 960),
(134, 'ML', 'Mali', 223),
(135, 'MT', 'Malta', 356),
(136, 'XM', 'Man (Isle of)', 44),
(137, 'MH', 'Marshall Islands', 692),
(138, 'MQ', 'Martinique', 596),
(139, 'MR', 'Mauritania', 222),
(140, 'MU', 'Mauritius', 230),
(141, 'YT', 'Mayotte', 269),
(142, 'MX', 'Mexico', 52),
(143, 'FM', 'Micronesia', 691),
(144, 'MD', 'Moldova', 373),
(145, 'MC', 'Monaco', 377),
(146, 'MN', 'Mongolia', 976),
(147, 'MS', 'Montserrat', 1664),
(148, 'MA', 'Morocco', 212),
(149, 'MZ', 'Mozambique', 258),
(150, 'MM', 'Myanmar', 95),
(151, 'NA', 'Namibia', 264),
(152, 'NR', 'Nauru', 674),
(153, 'NP', 'Nepal', 977),
(154, 'AN', 'Netherlands Antilles', 599),
(155, 'NL', 'Netherlands The', 31),
(156, 'NC', 'New Caledonia', 687),
(157, 'NZ', 'New Zealand', 64),
(158, 'NI', 'Nicaragua', 505),
(159, 'NE', 'Niger', 227),
(160, 'NG', 'Nigeria', 234),
(161, 'NU', 'Niue', 683),
(162, 'NF', 'Norfolk Island', 672),
(163, 'MP', 'Northern Mariana Islands', 1670),
(164, 'NO', 'Norway', 47),
(165, 'OM', 'Oman', 968),
(166, 'PK', 'Pakistan', 92),
(167, 'PW', 'Palau', 680),
(168, 'PS', 'Palestinian Territory Occupied', 970),
(169, 'PA', 'Panama', 507),
(170, 'PG', 'Papua new Guinea', 675),
(171, 'PY', 'Paraguay', 595),
(172, 'PE', 'Peru', 51),
(173, 'PH', 'Philippines', 63),
(174, 'PN', 'Pitcairn Island', 0),
(175, 'PL', 'Poland', 48),
(176, 'PT', 'Portugal', 351),
(177, 'PR', 'Puerto Rico', 1787),
(178, 'QA', 'Qatar', 974),
(179, 'RE', 'Reunion', 262),
(180, 'RO', 'Romania', 40),
(181, 'RU', 'Russia', 70),
(182, 'RW', 'Rwanda', 250),
(183, 'SH', 'Saint Helena', 290),
(184, 'KN', 'Saint Kitts And Nevis', 1869),
(185, 'LC', 'Saint Lucia', 1758),
(186, 'PM', 'Saint Pierre and Miquelon', 508),
(187, 'VC', 'Saint Vincent And The Grenadines', 1784),
(188, 'WS', 'Samoa', 684),
(189, 'SM', 'San Marino', 378),
(190, 'ST', 'Sao Tome and Principe', 239),
(191, 'SA', 'Saudi Arabia', 966),
(192, 'SN', 'Senegal', 221),
(193, 'RS', 'Serbia', 381),
(194, 'SC', 'Seychelles', 248),
(195, 'SL', 'Sierra Leone', 232),
(196, 'SG', 'Singapore', 65),
(197, 'SK', 'Slovakia', 421),
(198, 'SI', 'Slovenia', 386),
(199, 'XG', 'Smaller Territories of the UK', 44),
(200, 'SB', 'Solomon Islands', 677),
(201, 'SO', 'Somalia', 252),
(202, 'ZA', 'South Africa', 27),
(203, 'GS', 'South Georgia', 0),
(204, 'SS', 'South Sudan', 211),
(205, 'ES', 'Spain', 34),
(206, 'LK', 'Sri Lanka', 94),
(207, 'SD', 'Sudan', 249),
(208, 'SR', 'Suriname', 597),
(209, 'SJ', 'Svalbard And Jan Mayen Islands', 47),
(210, 'SZ', 'Swaziland', 268),
(211, 'SE', 'Sweden', 46),
(212, 'CH', 'Switzerland', 41),
(213, 'SY', 'Syria', 963),
(214, 'TW', 'Taiwan', 886),
(215, 'TJ', 'Tajikistan', 992),
(216, 'TZ', 'Tanzania', 255),
(217, 'TH', 'Thailand', 66),
(218, 'TG', 'Togo', 228),
(219, 'TK', 'Tokelau', 690),
(220, 'TO', 'Tonga', 676),
(221, 'TT', 'Trinidad And Tobago', 1868),
(222, 'TN', 'Tunisia', 216),
(223, 'TR', 'Turkey', 90),
(224, 'TM', 'Turkmenistan', 7370),
(225, 'TC', 'Turks And Caicos Islands', 1649),
(226, 'TV', 'Tuvalu', 688),
(227, 'UG', 'Uganda', 256),
(228, 'UA', 'Ukraine', 380),
(229, 'AE', 'United Arab Emirates', 971),
(230, 'GB', 'United Kingdom', 44),
(231, 'US', 'United States', 1),
(232, 'UM', 'United States Minor Outlying Islands', 1),
(233, 'UY', 'Uruguay', 598),
(234, 'UZ', 'Uzbekistan', 998),
(235, 'VU', 'Vanuatu', 678),
(236, 'VA', 'Vatican City State (Holy See)', 39),
(237, 'VE', 'Venezuela', 58),
(238, 'VN', 'Vietnam', 84),
(239, 'VG', 'Virgin Islands (British)', 1284),
(240, 'VI', 'Virgin Islands (US)', 1340),
(241, 'WF', 'Wallis And Futuna Islands', 681),
(242, 'EH', 'Western Sahara', 212),
(243, 'YE', 'Yemen', 967),
(244, 'YU', 'Yugoslavia', 38),
(245, 'ZM', 'Zambia', 260),
(246, 'ZW', 'Zimbabwe', 263);

INSERT INTO states (StateID, [name], CountryID) VALUES
(1, 'ANDHRA PRADESH', 105),
(2, 'ASSAM', 105),
(3, 'ARUNACHAL PRADESH', 105),
(4, 'BIHAR', 105),
(5, 'GUJRAT', 105),
(6, 'HARYANA', 105),
(7, 'HIMACHAL PRADESH', 105),
(8, 'JAMMU & KASHMIR', 105),
(9, 'KARNATAKA', 105),
(10, 'KERALA', 105),
(11, 'MADHYA PRADESH', 105),
(12, 'MAHARASHTRA', 105),
(13, 'MANIPUR', 105),
(14, 'MEGHALAYA', 105),
(15, 'MIZORAM', 105),
(16, 'NAGALAND', 105),
(17, 'ORISSA', 105),
(18, 'PUNJAB', 105),
(19, 'RAJASTHAN', 105),
(20, 'SIKKIM', 105),
(21, 'TAMIL NADU', 105),
(22, 'TRIPURA', 105),
(23, 'UTTAR PRADESH', 105),
(24, 'WEST BENGAL', 105),
(25, 'DELHI', 105),
(26, 'GOA', 105),
(27, 'PONDICHERY', 105),
(28, 'LAKSHDWEEP', 105),
(29, 'DAMAN & DIU', 105),
(30, 'DADRA & NAGAR', 105),
(31, 'CHANDIGARH', 105),
(32, 'ANDAMAN & NICOBAR', 105),
(33, 'UTTARANCHAL', 105),
(34, 'JHARKHAND', 105),
(35, 'CHATTISGARH', 105);

INSERT INTO cities (CityID, [name], StateID) VALUES
(1, 'North and Middle Andaman', 32),
(2, 'South Andaman', 32),
(3, 'Nicobar', 32),
(4, 'Adilabad', 1),
(5, 'Anantapur', 1),
(6, 'Chittoor', 1),
(7, 'East Godavari', 1),
(8, 'Guntur', 1),
(9, 'Hyderabad', 1),
(10, 'Kadapa', 1),
(11, 'Karimnagar', 1),
(12, 'Khammam', 1),
(13, 'Krishna', 1),
(14, 'Kurnool', 1),
(15, 'Mahbubnagar', 1),
(16, 'Medak', 1),
(17, 'Nalgonda', 1),
(18, 'Nellore', 1),
(19, 'Nizamabad', 1),
(20, 'Prakasam', 1),
(21, 'Rangareddi', 1),
(22, 'Srikakulam', 1),
(23, 'Vishakhapatnam', 1),
(24, 'Vizianagaram', 1),
(25, 'Warangal', 1),
(26, 'West Godavari', 1),
(27, 'Anjaw', 3),
(28, 'Changlang', 3),
(29, 'East Kameng', 3),
(30, 'Lohit', 3),
(31, 'Lower Subansiri', 3),
(32, 'Papum Pare', 3),
(33, 'Tirap', 3),
(34, 'Dibang Valley', 3),
(35, 'Upper Subansiri', 3),
(36, 'West Kameng', 3),
(37, 'Barpeta', 2),
(38, 'Bongaigaon', 2),
(39, 'Cachar', 2),
(40, 'Darrang', 2),
(41, 'Dhemaji', 2),
(42, 'Dhubri', 2),
(43, 'Dibrugarh', 2),
(44, 'Goalpara', 2),
(45, 'Golaghat', 2),
(46, 'Hailakandi', 2),
(47, 'Jorhat', 2),
(48, 'Karbi Anglong', 2),
(49, 'Karimganj', 2),
(50, 'Kokrajhar', 2),
(51, 'Lakhimpur', 2),
(52, 'Marigaon', 2),
(53, 'Nagaon', 2),
(54, 'Nalbari', 2),
(55, 'North Cachar Hills', 2),
(56, 'Sibsagar', 2),
(57, 'Sonitpur', 2),
(58, 'Tinsukia', 2),
(59, 'Araria', 4),
(60, 'Aurangabad', 4),
(61, 'Banka', 4),
(62, 'Begusarai', 4),
(63, 'Bhagalpur', 4),
(64, 'Bhojpur', 4),
(65, 'Buxar', 4),
(66, 'Darbhanga', 4),
(67, 'Purba Champaran', 4),
(68, 'Gaya', 4),
(69, 'Gopalganj', 4),
(70, 'Jamui', 4),
(71, 'Jehanabad', 4),
(72, 'Khagaria', 4),
(73, 'Kishanganj', 4),
(74, 'Kaimur', 4),
(75, 'Katihar', 4),
(76, 'Lakhisarai', 4),
(77, 'Madhubani', 4),
(78, 'Munger', 4),
(79, 'Madhepura', 4),
(80, 'Muzaffarpur', 4),
(81, 'Nalanda', 4),
(82, 'Nawada', 4),
(83, 'Patna', 4),
(84, 'Purnia', 4),
(85, 'Rohtas', 4),
(86, 'Saharsa', 4),
(87, 'Samastipur', 4),
(88, 'Sheohar', 4),
(89, 'Sheikhpura', 4),
(90, 'Saran', 4),
(91, 'Sitamarhi', 4),
(92, 'Supaul', 4),
(93, 'Siwan', 4),
(94, 'Vaishali', 4),
(95, 'Pashchim Champaran', 4),
(96, 'Bastar', 36),
(97, 'Bilaspur', 36),
(98, 'Dantewada', 36),
(99, 'Dhamtari', 36),
(100, 'Durg', 36),
(101, 'Jashpur', 36),
(102, 'Janjgir-Champa', 36),
(103, 'Korba', 36),
(104, 'Koriya', 36),
(105, 'Kanker', 36),
(106, 'Kawardha', 36),
(107, 'Mahasamund', 36),
(108, 'Raigarh', 36),
(109, 'Rajnandgaon', 36),
(110, 'Raipur', 36),
(111, 'Surguja', 36),
(112, 'Diu', 29),
(113, 'Daman', 29),
(114, 'Central Delhi', 25),
(115, 'East Delhi', 25),
(116, 'New Delhi', 25),
(117, 'North Delhi', 25),
(118, 'North East Delhi', 25),
(119, 'North West Delhi', 25),
(120, 'South Delhi', 25),
(121, 'South West Delhi', 25),
(122, 'West Delhi', 25),
(123, 'North Goa', 26),
(124, 'South Goa', 26),
(125, 'Ahmedabad', 5),
(126, 'Amreli District', 5),
(127, 'Anand', 5),
(128, 'Banaskantha', 5),
(129, 'Bharuch', 5),
(130, 'Bhavnagar', 5),
(131, 'Dahod', 5),
(132, 'The Dangs', 5),
(133, 'Gandhinagar', 5),
(134, 'Jamnagar', 5),
(135, 'Junagadh', 5),
(136, 'Kutch', 5),
(137, 'Kheda', 5),
(138, 'Mehsana', 5),
(139, 'Narmada', 5),
(140, 'Navsari', 5),
(141, 'Patan', 5),
(142, 'Panchmahal', 5),
(143, 'Porbandar', 5),
(144, 'Rajkot', 5),
(145, 'Sabarkantha', 5),
(146, 'Surendranagar', 5),
(147, 'Surat', 5),
(148, 'Vadodara', 5),
(149, 'Valsad', 5),
(150, 'Ambala', 6),
(151, 'Bhiwani', 6),
(152, 'Faridabad', 6),
(153, 'Fatehabad', 6),
(154, 'Gurgaon', 6),
(155, 'Hissar', 6),
(156, 'Jhajjar', 6),
(157, 'Jind', 6),
(158, 'Karnal', 6),
(159, 'Kaithal', 6),
(160, 'Kurukshetra', 6),
(161, 'Mahendragarh', 6),
(162, 'Mewat', 6),
(163, 'Panchkula', 6),
(164, 'Panipat', 6),
(165, 'Rewari', 6),
(166, 'Rohtak', 6),
(167, 'Sirsa', 6),
(168, 'Sonepat', 6),
(169, 'Yamuna Nagar', 6),
(170, 'Palwal', 6),
(171, 'Bilaspur', 7),
(172, 'Chamba', 7),
(173, 'Hamirpur', 7),
(174, 'Kangra', 7),
(175, 'Kinnaur', 7),
(176, 'Kulu', 7),
(177, 'Lahaul and Spiti', 7),
(178, 'Mandi', 7),
(179, 'Shimla', 7),
(180, 'Sirmaur', 7),
(181, 'Solan', 7),
(182, 'Una', 7),
(183, 'Anantnag', 8),
(184, 'Badgam', 8),
(185, 'Bandipore', 8),
(186, 'Baramula', 8),
(187, 'Doda', 8),
(188, 'Jammu', 8),
(189, 'Kargil', 8),
(190, 'Kathua', 8),
(191, 'Kupwara', 8),
(192, 'Leh', 8),
(193, 'Poonch', 8),
(194, 'Pulwama', 8),
(195, 'Rajauri', 8),
(196, 'Srinagar', 8),
(197, 'Samba', 8),
(198, 'Udhampur', 8),
(199, 'Bokaro', 34),
(200, 'Chatra', 34),
(201, 'Deoghar', 34),
(202, 'Dhanbad', 34),
(203, 'Dumka', 34),
(204, 'Purba Singhbhum', 34),
(205, 'Garhwa', 34),
(206, 'Giridih', 34),
(207, 'Godda', 34),
(208, 'Gumla', 34),
(209, 'Hazaribagh', 34),
(210, 'Koderma', 34),
(211, 'Lohardaga', 34),
(212, 'Pakur', 34),
(213, 'Palamu', 34),
(214, 'Ranchi', 34),
(215, 'Sahibganj', 34),
(216, 'Seraikela and Kharsawan', 34),
(217, 'Pashchim Singhbhum', 34),
(218, 'Ramgarh', 34),
(219, 'Bidar', 9),
(220, 'Belgaum', 9),
(221, 'Bijapur', 9),
(222, 'Bagalkot', 9),
(223, 'Bellary', 9),
(224, 'Bangalore Rural District', 9),
(225, 'Bangalore Urban District', 9),
(226, 'Chamarajnagar', 9),
(227, 'Chikmagalur', 9),
(228, 'Chitradurga', 9),
(229, 'Davanagere', 9),
(230, 'Dharwad', 9),
(231, 'Dakshina Kannada', 9),
(232, 'Gadag', 9),
(233, 'Gulbarga', 9),
(234, 'Hassan', 9),
(235, 'Haveri District', 9),
(236, 'Kodagu', 9),
(237, 'Kolar', 9),
(238, 'Koppal', 9),
(239, 'Mandya', 9),
(240, 'Mysore', 9),
(241, 'Raichur', 9),
(242, 'Shimoga', 9),
(243, 'Tumkur', 9),
(244, 'Udupi', 9),
(245, 'Uttara Kannada', 9),
(246, 'Ramanagara', 9),
(247, 'Chikballapur', 9),
(248, 'Yadagiri', 9),
(249, 'Alappuzha', 10),
(250, 'Ernakulam', 10),
(251, 'Idukki', 10),
(252, 'Kollam', 10),
(253, 'Kannur', 10),
(254, 'Kasaragod', 10),
(255, 'Kottayam', 10),
(256, 'Kozhikode', 10),
(257, 'Malappuram', 10),
(258, 'Palakkad', 10),
(259, 'Pathanamthitta', 10),
(260, 'Thrissur', 10),
(261, 'Thiruvananthapuram', 10),
(262, 'Wayanad', 10),
(263, 'Alirajpur', 11),
(264, 'Anuppur', 11),
(265, 'Ashok Nagar', 11),
(266, 'Balaghat', 11),
(267, 'Barwani', 11),
(268, 'Betul', 11),
(269, 'Bhind', 11),
(270, 'Bhopal', 11),
(271, 'Burhanpur', 11),
(272, 'Chhatarpur', 11),
(273, 'Chhindwara', 11),
(274, 'Damoh', 11),
(275, 'Datia', 11),
(276, 'Dewas', 11),
(277, 'Dhar', 11),
(278, 'Dindori', 11),
(279, 'Guna', 11),
(280, 'Gwalior', 11),
(281, 'Harda', 11),
(282, 'Hoshangabad', 11),
(283, 'Indore', 11),
(284, 'Jabalpur', 11),
(285, 'Jhabua', 11),
(286, 'Katni', 11),
(287, 'Khandwa', 11),
(288, 'Khargone', 11),
(289, 'Mandla', 11),
(290, 'Mandsaur', 11),
(291, 'Morena', 11),
(292, 'Narsinghpur', 11),
(293, 'Neemuch', 11),
(294, 'Panna', 11),
(295, 'Rewa', 11),
(296, 'Rajgarh', 11),
(297, 'Ratlam', 11),
(298, 'Raisen', 11),
(299, 'Sagar', 11),
(300, 'Satna', 11),
(301, 'Sehore', 11),
(302, 'Seoni', 11),
(303, 'Shahdol', 11),
(304, 'Shajapur', 11),
(305, 'Sheopur', 11),
(306, 'Shivpuri', 11),
(307, 'Sidhi', 11),
(308, 'Singrauli', 11),
(309, 'Tikamgarh', 11),
(310, 'Ujjain', 11),
(311, 'Umaria', 11),
(312, 'Vidisha', 11),
(313, 'Ahmednagar', 12),
(314, 'Akola', 12),
(315, 'Amrawati', 12),
(316, 'Aurangabad', 12),
(317, 'Bhandara', 12),
(318, 'Beed', 12),
(319, 'Buldhana', 12),
(320, 'Chandrapur', 12),
(321, 'Dhule', 12),
(322, 'Gadchiroli', 12),
(323, 'Gondiya', 12),
(324, 'Hingoli', 12),
(325, 'Jalgaon', 12),
(326, 'Jalna', 12),
(327, 'Kolhapur', 12),
(328, 'Latur', 12),
(329, 'Mumbai City', 12),
(330, 'Mumbai suburban', 12),
(331, 'Nandurbar', 12),
(332, 'Nanded', 12),
(333, 'Nagpur', 12),
(334, 'Nashik', 12),
(335, 'Osmanabad', 12),
(336, 'Parbhani', 12),
(337, 'Pune', 12),
(338, 'Raigad', 12),
(339, 'Ratnagiri', 12),
(340, 'Sindhudurg', 12),
(341, 'Sangli', 12),
(342, 'Solapur', 12),
(343, 'Satara', 12),
(344, 'Thane', 12),
(345, 'Wardha', 12),
(346, 'Washim', 12),
(347, 'Yavatmal', 12),
(348, 'Bishnupur', 13),
(349, 'Churachandpur', 13),
(350, 'Chandel', 13),
(351, 'Imphal East', 13),
(352, 'Senapati', 13),
(353, 'Tamenglong', 13),
(354, 'Thoubal', 13),
(355, 'Ukhrul', 13),
(356, 'Imphal West', 13),
(357, 'East Garo Hills', 14),
(358, 'East Khasi Hills', 14),
(359, 'Jaintia Hills', 14),
(360, 'Ri-Bhoi', 14),
(361, 'South Garo Hills', 14),
(362, 'West Garo Hills', 14),
(363, 'West Khasi Hills', 14),
(364, 'Aizawl', 15),
(365, 'Champhai', 15),
(366, 'Kolasib', 15),
(367, 'Lawngtlai', 15),
(368, 'Lunglei', 15),
(369, 'Mamit', 15),
(370, 'Saiha', 15),
(371, 'Serchhip', 15),
(372, 'Dimapur', 16),
(373, 'Kohima', 16),
(374, 'Mokokchung', 16),
(375, 'Mon', 16),
(376, 'Phek', 16),
(377, 'Tuensang', 16),
(378, 'Wokha', 16),
(379, 'Zunheboto', 16),
(380, 'Angul', 17),
(381, 'Boudh', 17),
(382, 'Bhadrak', 17),
(383, 'Bolangir', 17),
(384, 'Bargarh', 17),
(385, 'Baleswar', 17),
(386, 'Cuttack', 17),
(387, 'Debagarh', 17),
(388, 'Dhenkanal', 17),
(389, 'Ganjam', 17),
(390, 'Gajapati', 17),
(391, 'Jharsuguda', 17),
(392, 'Jajapur', 17),
(393, 'Jagatsinghpur', 17),
(394, 'Khordha', 17),
(395, 'Kendujhar', 17),
(396, 'Kalahandi', 17),
(397, 'Kandhamal', 17),
(398, 'Koraput', 17),
(399, 'Kendrapara', 17),
(400, 'Malkangiri', 17),
(401, 'Mayurbhanj', 17),
(402, 'Nabarangpur', 17),
(403, 'Nuapada', 17),
(404, 'Nayagarh', 17),
(405, 'Puri', 17),
(406, 'Rayagada', 17),
(407, 'Sambalpur', 17),
(408, 'Subarnapur', 17),
(409, 'Sundargarh', 17),
(410, 'Karaikal', 27),
(411, 'Mahe', 27),
(412, 'Puducherry', 27),
(413, 'Yanam', 27),
(414, 'Amritsar', 18),
(415, 'Bathinda', 18),
(416, 'Firozpur', 18),
(417, 'Faridkot', 18),
(418, 'Fatehgarh Sahib', 18),
(419, 'Gurdaspur', 18),
(420, 'Hoshiarpur', 18),
(421, 'Jalandhar', 18),
(422, 'Kapurthala', 18),
(423, 'Ludhiana', 18),
(424, 'Mansa', 18),
(425, 'Moga', 18),
(426, 'Mukatsar', 18),
(427, 'Nawan Shehar', 18),
(428, 'Patiala', 18),
(429, 'Rupnagar', 18),
(430, 'Sangrur', 18),
(431, 'Ajmer', 19),
(432, 'Alwar', 19),
(433, 'Bikaner', 19),
(434, 'Barmer', 19),
(435, 'Banswara', 19),
(436, 'Bharatpur', 19),
(437, 'Baran', 19),
(438, 'Bundi', 19),
(439, 'Bhilwara', 19),
(440, 'Churu', 19),
(441, 'Chittorgarh', 19),
(442, 'Dausa', 19),
(443, 'Dholpur', 19),
(444, 'Dungapur', 19),
(445, 'Ganganagar', 19),
(446, 'Hanumangarh', 19),
(447, 'Juhnjhunun', 19),
(448, 'Jalore', 19),
(449, 'Jodhpur', 19),
(450, 'Jaipur', 19),
(451, 'Jaisalmer', 19),
(452, 'Jhalawar', 19),
(453, 'Karauli', 19),
(454, 'Kota', 19),
(455, 'Nagaur', 19),
(456, 'Pali', 19),
(457, 'Pratapgarh', 19),
(458, 'Rajsamand', 19),
(459, 'Sikar', 19),
(460, 'Sawai Madhopur', 19),
(461, 'Sirohi', 19),
(462, 'Tonk', 19),
(463, 'Udaipur', 19),
(464, 'East Sikkim', 20),
(465, 'North Sikkim', 20),
(466, 'South Sikkim', 20),
(467, 'West Sikkim', 20),
(468, 'Ariyalur', 21),
(469, 'Chennai', 21),
(470, 'Coimbatore', 21),
(471, 'Cuddalore', 21),
(472, 'Dharmapuri', 21),
(473, 'Dindigul', 21),
(474, 'Erode', 21),
(475, 'Kanchipuram', 21),
(476, 'Kanyakumari', 21),
(477, 'Karur', 21),
(478, 'Madurai', 21),
(479, 'Nagapattinam', 21),
(480, 'The Nilgiris', 21),
(481, 'Namakkal', 21),
(482, 'Perambalur', 21),
(483, 'Pudukkottai', 21),
(484, 'Ramanathapuram', 21),
(485, 'Salem', 21),
(486, 'Sivagangai', 21),
(487, 'Tiruppur', 21),
(488, 'Tiruchirappalli', 21),
(489, 'Theni', 21),
(490, 'Tirunelveli', 21),
(491, 'Thanjavur', 21),
(492, 'Thoothukudi', 21),
(493, 'Thiruvallur', 21),
(494, 'Thiruvarur', 21),
(495, 'Tiruvannamalai', 21),
(496, 'Vellore', 21),
(497, 'Villupuram', 21),
(498, 'Dhalai', 22),
(499, 'North Tripura', 22),
(500, 'South Tripura', 22),
(501, 'West Tripura', 22),
(502, 'Almora', 33),
(503, 'Bageshwar', 33),
(504, 'Chamoli', 33),
(505, 'Champawat', 33),
(506, 'Dehradun', 33),
(507, 'Haridwar', 33),
(508, 'Nainital', 33),
(509, 'Pauri Garhwal', 33),
(510, 'Pithoragharh', 33),
(511, 'Rudraprayag', 33),
(512, 'Tehri Garhwal', 33),
(513, 'Udham Singh Nagar', 33),
(514, 'Uttarkashi', 33),
(515, 'Agra', 23),
(516, 'Allahabad', 23),
(517, 'Aligarh', 23),
(518, 'Ambedkar Nagar', 23),
(519, 'Auraiya', 23),
(520, 'Azamgarh', 23),
(521, 'Barabanki', 23),
(522, 'Badaun', 23),
(523, 'Bagpat', 23),
(524, 'Bahraich', 23),
(525, 'Bijnor', 23),
(526, 'Ballia', 23),
(527, 'Banda', 23),
(528, 'Balrampur', 23),
(529, 'Bareilly', 23),
(530, 'Basti', 23),
(531, 'Bulandshahr', 23),
(532, 'Chandauli', 23),
(533, 'Chitrakoot', 23),
(534, 'Deoria', 23),
(535, 'Etah', 23),
(536, 'Kanshiram Nagar', 23),
(537, 'Etawah', 23),
(538, 'Firozabad', 23),
(539, 'Farrukhabad', 23),
(540, 'Fatehpur', 23),
(541, 'Faizabad', 23),
(542, 'Gautam Buddha Nagar', 23),
(543, 'Gonda', 23),
(544, 'Ghazipur', 23),
(545, 'Gorkakhpur', 23),
(546, 'Ghaziabad', 23),
(547, 'Hamirpur', 23),
(548, 'Hardoi', 23),
(549, 'Mahamaya Nagar', 23),
(550, 'Jhansi', 23),
(551, 'Jalaun', 23),
(552, 'Jyotiba Phule Nagar', 23),
(553, 'Jaunpur District', 23),
(554, 'Kanpur Dehat', 23),
(555, 'Kannauj', 23),
(556, 'Kanpur Nagar', 23),
(557, 'Kaushambi', 23),
(558, 'Kushinagar', 23),
(559, 'Lalitpur', 23),
(560, 'Lakhimpur Kheri', 23),
(561, 'Lucknow', 23),
(562, 'Mau', 23),
(563, 'Meerut', 23),
(564, 'Maharajganj', 23),
(565, 'Mahoba', 23),
(566, 'Mirzapur', 23),
(567, 'Moradabad', 23),
(568, 'Mainpuri', 23),
(569, 'Mathura', 23),
(570, 'Muzaffarnagar', 23),
(571, 'Pilibhit', 23),
(572, 'Pratapgarh', 23),
(573, 'Rampur', 23),
(574, 'Rae Bareli', 23),
(575, 'Saharanpur', 23),
(576, 'Sitapur', 23),
(577, 'Shahjahanpur', 23),
(578, 'Sant Kabir Nagar', 23),
(579, 'Siddharthnagar', 23),
(580, 'Sonbhadra', 23),
(581, 'Sant Ravidas Nagar', 23),
(582, 'Sultanpur', 23),
(583, 'Shravasti', 23),
(584, 'Unnao', 23),
(585, 'Varanasi', 23),
(586, 'Birbhum', 24),
(587, 'Bankura', 24),
(588, 'Bardhaman', 24),
(589, 'Darjeeling', 24),
(590, 'Dakshin Dinajpur', 24),
(591, 'Hooghly', 24),
(592, 'Howrah', 24),
(593, 'Jalpaiguri', 24),
(594, 'Cooch Behar', 24),
(595, 'Kolkata', 24),
(596, 'Malda', 24),
(597, 'Midnapore', 24),
(598, 'Murshidabad', 24),
(599, 'Nadia', 24),
(600, 'North 24 Parganas', 24),
(601, 'South 24 Parganas', 24),
(602, 'Purulia', 24),
(603, 'Uttar Dinajpur', 24);
